time,order_id,side,price,qty,remaining,owner,tif,post_only,action
1767225601998,334,BUY,876433,11,11,MM,GTC,0,exec_passive
1767226500197,1542825,BUY,877281,11,11,MM,GTC,0,exec_passive
1767227400198,3093008,BUY,877675,11,11,MM,GTC,0,exec_passive
1767228300197,4645445,BUY,877389,11,0,MM,IOC,0,exec_ioc_touch
1767229200198,6191735,BUY,878044,11,11,MM,GTC,0,exec_passive
1767230100197,7687749,BUY,879956,11,11,MM,GTC,0,exec_passive
1767231000197,9220695,BUY,878731,11,11,MM,GTC,0,exec_passive
1767231900198,10762904,BUY,878906,11,0,MM,IOC,0,exec_ioc_touch
1767232800197,12278944,BUY,879509,11,11,MM,GTC,0,exec_passive
1767233700198,13796530,BUY,880003,11,11,MM,GTC,0,exec_passive
1767234600198,15330185,BUY,879606,11,11,MM,GTC,0,exec_passive
1767235500197,16874201,BUY,879569,11,0,MM,IOC,0,exec_ioc_touch
1767236400197,18425351,BUY,879159,11,11,MM,GTC,0,exec_passive
1767237300198,19975910,BUY,879834,11,11,MM,GTC,0,exec_passive
1767238200197,21512070,BUY,879234,11,11,MM,GTC,0,exec_passive
1767239100197,23026439,BUY,879373,11,0,MM,IOC,0,exec_ioc_touch
1767240000198,24598741,BUY,878528,11,11,MM,GTC,0,exec_passive
1767240900197,26177210,BUY,876529,11,11,MM,GTC,0,exec_passive
1767241800198,27736438,BUY,876334,11,0,MM,IOC,0,exec_ioc_touch
1767243600198,30774098,BUY,875910,11,0,MM,IOC,0,exec_ioc_touch
1767244500198,32348246,BUY,876978,11,0,MM,IOC,0,exec_ioc_touch
1767245400198,33907637,BUY,877041,11,0,MM,IOC,0,exec_ioc_touch
1767246300197,35462843,BUY,877023,11,0,MM,IOC,0,exec_ioc_touch
1767247200198,36983315,BUY,877005,11,0,MM,IOC,0,exec_ioc_touch
1767248100197,38496720,BUY,876537,11,0,MM,IOC,0,exec_ioc_touch
1767249000197,39972364,BUY,876584,11,0,MM,IOC,0,exec_ioc_touch
1767249900198,41454786,BUY,876656,11,0,MM,IOC,0,exec_ioc_touch
1767250800197,42934012,BUY,876530,11,0,MM,IOC,0,exec_ioc_touch
1767251700197,44411600,BUY,876454,11,0,MM,IOC,0,exec_ioc_touch
1767252600197,45902479,BUY,876036,11,0,MM,IOC,0,exec_ioc_touch
1767253500197,47416314,BUY,876363,11,0,MM,IOC,0,exec_ioc_touch
1767254400197,48884748,BUY,876300,11,0,MM,IOC,0,exec_ioc_touch
1767255300197,50392290,BUY,877551,11,0,MM,IOC,0,exec_ioc_touch
1767256200197,51945579,BUY,877371,11,0,MM,IOC,0,exec_ioc_touch
1767257100198,53502359,BUY,876936,11,0,MM,IOC,0,exec_ioc_touch
1767258000197,55055262,BUY,877689,11,0,MM,IOC,0,exec_ioc_touch
1767258900197,56590216,BUY,878461,11,0,MM,IOC,0,exec_ioc_touch
1767259800197,58132276,BUY,878292,11,0,MM,IOC,0,exec_ioc_touch
1767260700198,59648270,BUY,878707,11,0,MM,IOC,0,exec_ioc_touch
1767261600198,61146015,BUY,878815,11,0,MM,IOC,0,exec_ioc_touch
1767262500197,62648185,BUY,878631,11,0,MM,IOC,0,exec_ioc_touch
1767263400197,64163697,BUY,878492,11,0,MM,IOC,0,exec_ioc_touch
1767264300197,65669692,BUY,878267,11,0,MM,IOC,0,exec_ioc_touch
1767265200197,67168774,BUY,878576,11,0,MM,IOC,0,exec_ioc_touch
1767266100197,68677712,BUY,879207,11,0,MM,IOC,0,exec_ioc_touch
1767267000197,70186434,BUY,879187,11,0,MM,IOC,0,exec_ioc_touch
1767267900197,71707482,BUY,879141,11,0,MM,IOC,0,exec_ioc_touch
1767268800198,73227018,BUY,880131,11,0,MM,IOC,0,exec_ioc_touch
1767269700197,74717623,BUY,879977,11,0,MM,IOC,0,exec_ioc_touch
1767270600198,76223356,BUY,880007,11,0,MM,IOC,0,exec_ioc_touch
1767271500198,77719382,BUY,879680,11,0,MM,IOC,0,exec_ioc_touch
1767272400197,79231246,BUY,879417,11,0,MM,IOC,0,exec_ioc_touch
1767273300197,80723332,BUY,879820,11,0,MM,IOC,0,exec_ioc_touch
1767274200197,82204289,BUY,879814,11,0,MM,IOC,0,exec_ioc_touch
1767275100197,83677663,BUY,879816,11,0,MM,IOC,0,exec_ioc_touch
1767276000198,85222557,BUY,879162,11,0,MM,IOC,0,exec_ioc_touch
1767276900198,86771620,BUY,879601,11,0,MM,IOC,0,exec_ioc_touch
1767277800197,88316026,BUY,878688,11,0,MM,IOC,0,exec_ioc_touch
1767278700198,89842560,BUY,879026,11,11,MM,GTC,0,exec_passive
1767279600197,91373370,BUY,879616,11,0,MM,IOC,0,exec_ioc_touch
1767280500198,92875110,BUY,879848,11,0,MM,IOC,0,exec_ioc_touch
1767281400197,94369360,BUY,880120,11,0,MM,IOC,0,exec_ioc_touch
1767282300197,95887246,BUY,880127,11,0,MM,IOC,0,exec_ioc_touch
1767283200197,97412552,BUY,880315,11,0,MM,IOC,0,exec_ioc_touch
1767284100197,98963741,BUY,879430,11,0,MM,IOC,0,exec_ioc_touch
1767285000198,100509902,BUY,879608,11,0,MM,IOC,0,exec_ioc_touch
1767285900198,102049415,BUY,879401,11,0,MM,IOC,0,exec_ioc_touch
1767286800197,103578339,BUY,879957,11,0,MM,IOC,0,exec_ioc_touch
1767287700198,105097998,BUY,880522,11,0,MM,IOC,0,exec_ioc_touch
1767288600198,106580477,BUY,882584,11,0,MM,IOC,0,exec_ioc_touch
1767289500197,108086321,BUY,883498,11,0,MM,IOC,0,exec_ioc_touch
1767290400197,109660180,BUY,883257,11,0,MM,IOC,0,exec_ioc_touch
1767291300197,111242286,BUY,881734,11,0,MM,IOC,0,exec_ioc_touch
1767292200197,112806796,BUY,881001,11,0,MM,IOC,0,exec_ioc_touch
1767293100197,114335430,BUY,881823,11,0,MM,IOC,0,exec_ioc_touch
1767294000197,115843301,BUY,882000,11,0,MM,IOC,0,exec_ioc_touch
1767294900197,117357133,BUY,881245,11,0,MM,IOC,0,exec_ioc_touch
1767295800198,118891989,BUY,881689,11,0,MM,IOC,0,exec_ioc_touch
1767296700001,120404110,BUY,883329,11,0,MM,IOC,0,exec_ioc_touch
1767297600198,121950650,BUY,883915,11,0,MM,IOC,0,exec_ioc_touch
1767298500197,123493154,BUY,883465,11,0,MM,IOC,0,exec_ioc_touch
1767299400198,125016486,BUY,883733,11,0,MM,IOC,0,exec_ioc_touch
1767300300198,126577249,BUY,882605,11,0,MM,IOC,0,exec_ioc_touch
1767301200198,128093520,BUY,882639,11,0,MM,IOC,0,exec_ioc_touch
1767302100197,129627607,BUY,883938,11,0,MM,IOC,0,exec_ioc_touch
1767303000197,131153729,BUY,883870,11,0,MM,IOC,0,exec_ioc_touch
1767303900197,132688724,BUY,883338,11,0,MM,IOC,0,exec_ioc_touch
1767304800197,134227845,BUY,883900,11,0,MM,IOC,0,exec_ioc_touch
1767305700197,135696169,BUY,885220,11,0,MM,IOC,0,exec_ioc_touch
1767306600198,137178770,BUY,885355,11,0,MM,IOC,0,exec_ioc_touch
1767307500197,138650387,BUY,885940,11,0,MM,IOC,0,exec_ioc_touch
1767308400197,140017538,BUY,886650,11,0,MM,IOC,0,exec_ioc_touch
1767309300198,141567110,BUY,885794,11,0,MM,IOC,0,exec_ioc_touch
1767310200197,143023604,BUY,887312,11,0,MM,IOC,0,exec_ioc_touch
1767311100197,144407961,BUY,888822,11,0,MM,IOC,0,exec_ioc_touch
1767312000197,145899506,BUY,888483,11,0,MM,IOC,0,exec_ioc_touch
1767312900198,147444730,BUY,886430,11,0,MM,IOC,0,exec_ioc_touch
1767313800197,149005545,BUY,887154,11,0,MM,IOC,0,exec_ioc_touch
1767314700197,150547941,BUY,887000,11,0,MM,IOC,0,exec_ioc_touch
1767315600197,152062263,BUY,888390,11,0,MM,IOC,0,exec_ioc_touch
1767316500197,153624353,BUY,887616,11,0,MM,IOC,0,exec_ioc_touch
1767317400197,155170062,BUY,886901,11,0,MM,IOC,0,exec_ioc_touch
1767318300198,156736352,BUY,886337,11,0,MM,IOC,0,exec_ioc_touch
1767319200198,158318550,BUY,886478,11,0,MM,IOC,0,exec_ioc_touch
1767320100197,159869248,BUY,884898,11,0,MM,IOC,0,exec_ioc_touch
1767321000198,161406427,BUY,884254,11,0,MM,IOC,0,exec_ioc_touch
1767321900198,162927168,BUY,884841,11,0,MM,IOC,0,exec_ioc_touch
1767322800198,164471299,BUY,886419,11,0,MM,IOC,0,exec_ioc_touch
1767323700197,166028078,BUY,889602,11,0,MM,IOC,0,exec_ioc_touch
1767324600198,167585163,BUY,888844,11,0,MM,IOC,0,exec_ioc_touch
1767325500198,169075280,BUY,889708,11,0,MM,IOC,0,exec_ioc_touch
1767326400197,170551595,BUY,889460,11,0,MM,IOC,0,exec_ioc_touch
1767327300198,172135092,BUY,888158,11,0,MM,IOC,0,exec_ioc_touch
1767328200197,173716022,BUY,887473,11,0,MM,IOC,0,exec_ioc_touch
1767329100197,175276050,BUY,887311,11,0,MM,IOC,0,exec_ioc_touch
1767330000198,176822609,BUY,886411,11,0,MM,IOC,0,exec_ioc_touch
1767330900198,178344728,BUY,886800,11,0,MM,IOC,0,exec_ioc_touch
1767331800197,179847117,BUY,885822,11,0,MM,IOC,0,exec_ioc_touch
1767332700197,181333717,BUY,886824,11,0,MM,IOC,0,exec_ioc_touch
1767333600198,182905150,BUY,887637,11,0,MM,IOC,0,exec_ioc_touch
1767334500197,184466875,BUY,887972,11,0,MM,IOC,0,exec_ioc_touch
1767335400198,186024181,BUY,889255,11,0,MM,IOC,0,exec_ioc_touch
1767336300198,187584036,BUY,889799,11,0,MM,IOC,0,exec_ioc_touch
1767337200198,189135070,BUY,889439,11,0,MM,IOC,0,exec_ioc_touch
1767338100198,190678447,BUY,890390,11,0,MM,IOC,0,exec_ioc_touch
1767339000198,192248995,BUY,889046,11,0,MM,IOC,0,exec_ioc_touch
1767339900198,193824676,BUY,888658,11,0,MM,IOC,0,exec_ioc_touch
1767340800198,195401835,BUY,888667,11,0,MM,IOC,0,exec_ioc_touch
1767341700198,196932636,BUY,890743,11,0,MM,IOC,0,exec_ioc_touch
1767342600197,198391111,BUY,890569,11,0,MM,IOC,0,exec_ioc_touch
1767343500198,199859506,BUY,890964,11,0,MM,IOC,0,exec_ioc_touch
1767344400197,201296394,BUY,891757,11,0,MM,IOC,0,exec_ioc_touch
1767345300197,202736008,BUY,892494,11,0,MM,IOC,0,exec_ioc_touch
1767346200197,204295243,BUY,891683,11,0,MM,IOC,0,exec_ioc_touch
1767348000197,207259689,BUY,894784,11,11,MM,GTC,0,exec_passive
1767348900198,208665384,BUY,898430,11,0,MM,IOC,0,exec_ioc_touch
1767349800197,210122612,BUY,896016,11,11,MM,GTC,0,exec_passive
1767350700198,211683882,BUY,897035,11,0,MM,IOC,0,exec_ioc_touch
1767351600198,213263091,BUY,896595,11,0,MM,IOC,0,exec_ioc_touch
1767352500198,214827621,BUY,895324,11,0,MM,IOC,0,exec_ioc_touch
1767353400197,216383033,BUY,893690,11,0,MM,IOC,0,exec_ioc_touch
1767354300197,217930719,BUY,895318,11,0,MM,IOC,0,exec_ioc_touch
1767355200197,219479054,BUY,895051,11,0,MM,IOC,0,exec_ioc_touch
1767356100197,221012225,BUY,894820,11,0,MM,IOC,0,exec_ioc_touch
1767357000197,222575723,BUY,894698,11,0,MM,IOC,0,exec_ioc_touch
1767357900197,224129085,BUY,895253,11,0,MM,IOC,0,exec_ioc_touch
1767358800198,225683667,BUY,894080,11,0,MM,IOC,0,exec_ioc_touch
1767360600198,228786067,BUY,895586,11,0,MM,IOC,0,exec_ioc_touch
1767361500197,230329416,BUY,894437,11,11,MM,GTC,0,exec_passive
1767362400197,231863890,BUY,893490,11,0,MM,IOC,0,exec_ioc_touch
1767363300197,233327107,BUY,891374,11,0,MM,IOC,0,exec_ioc_touch
1767366000197,237884051,BUY,895805,11,0,MM,IOC,0,exec_ioc_touch
1767367800197,240926214,BUY,891289,11,0,MM,IOC,0,exec_ioc_touch
1767370500197,245503314,BUY,897770,11,0,MM,IOC,0,exec_ioc_touch
1767372300197,248491914,BUY,901288,11,0,MM,IOC,0,exec_ioc_touch
1767373200197,250045219,BUY,903648,11,0,MM,IOC,0,exec_ioc_touch
1767374100197,251567145,BUY,906184,11,0,MM,IOC,0,exec_ioc_touch
1767375000197,253058286,BUY,906059,11,0,MM,IOC,0,exec_ioc_touch
1767375900197,254598290,BUY,905230,11,0,MM,IOC,0,exec_ioc_touch
1767376800197,256133207,BUY,903773,11,0,MM,IOC,0,exec_ioc_touch
1767378600197,259250172,BUY,903049,11,0,MM,IOC,0,exec_ioc_touch
1767379500197,260723508,BUY,900085,11,0,MM,IOC,0,exec_ioc_touch
1767380400197,262173940,BUY,897713,11,0,MM,IOC,0,exec_ioc_touch
1767381300197,263725598,BUY,899812,11,0,MM,IOC,0,exec_ioc_touch
1767382200198,265287286,BUY,899583,11,0,MM,IOC,0,exec_ioc_touch
1767383100197,266844060,BUY,899970,11,0,MM,IOC,0,exec_ioc_touch
1767384000197,268375401,BUY,899016,11,0,MM,IOC,0,exec_ioc_touch
1767385800197,271450808,BUY,898761,11,0,MM,IOC,0,exec_ioc_touch
1767386700197,272963769,BUY,899006,11,0,MM,IOC,0,exec_ioc_touch
1767388500197,276019497,BUY,898022,11,0,MM,IOC,0,exec_ioc_touch
1767389400197,277549858,BUY,899771,11,0,MM,IOC,0,exec_ioc_touch
1767390300197,279052855,BUY,899449,11,0,MM,IOC,0,exec_ioc_touch
1767391200197,280532236,BUY,900616,11,0,MM,IOC,0,exec_ioc_touch
1767392100197,282035806,BUY,901088,11,0,MM,IOC,0,exec_ioc_touch
1767393000197,283557118,BUY,901186,11,0,MM,IOC,0,exec_ioc_touch
1767393900197,285044946,BUY,902998,11,0,MM,IOC,0,exec_ioc_touch
1767394800197,286512626,BUY,901938,11,0,MM,IOC,0,exec_ioc_touch
1767395700197,288059838,BUY,900848,11,0,MM,IOC,0,exec_ioc_touch
1767396600197,289582520,BUY,899489,11,0,MM,IOC,0,exec_ioc_touch
1767397500197,291069213,BUY,899614,11,0,MM,IOC,0,exec_ioc_touch
1767398400197,292517066,BUY,899918,11,0,MM,IOC,0,exec_ioc_touch
1767399300197,294051164,BUY,900432,11,0,MM,IOC,0,exec_ioc_touch
1767400200197,295587911,BUY,900835,11,0,MM,IOC,0,exec_ioc_touch
1767401100197,297108455,BUY,900740,11,0,MM,IOC,0,exec_ioc_touch
1767402000197,298646891,BUY,901597,11,0,MM,IOC,0,exec_ioc_touch
1767402900198,300183880,BUY,902300,11,0,MM,IOC,0,exec_ioc_touch
1767403800197,301705935,BUY,900759,11,0,MM,IOC,0,exec_ioc_touch
1767404700397,303210237,BUY,901677,11,0,MM,IOC,0,exec_ioc_touch
1767405600197,304739346,BUY,902818,11,0,MM,IOC,0,exec_ioc_touch
1767406500198,306286932,BUY,901600,11,0,MM,IOC,0,exec_ioc_touch
1767407400198,307835351,BUY,902580,11,0,MM,IOC,0,exec_ioc_touch
1767408300197,309380341,BUY,902972,11,0,MM,IOC,0,exec_ioc_touch
1767409200197,310895610,BUY,903290,11,0,MM,IOC,0,exec_ioc_touch
1767410100197,312439051,BUY,902235,11,0,MM,IOC,0,exec_ioc_touch
1767411000197,313984352,BUY,902216,11,0,MM,IOC,0,exec_ioc_touch
1767411900197,315519938,BUY,902753,11,0,MM,IOC,0,exec_ioc_touch
1767412800197,317021117,BUY,903276,11,0,MM,IOC,0,exec_ioc_touch
1767413700197,318560692,BUY,902528,11,0,MM,IOC,0,exec_ioc_touch
1767414600197,320088435,BUY,902536,11,0,MM,IOC,0,exec_ioc_touch
1767415500197,321600461,BUY,900861,11,0,MM,IOC,0,exec_ioc_touch
1767417300197,324559532,BUY,900496,11,0,MM,IOC,0,exec_ioc_touch
1767418200197,326025112,BUY,900189,11,0,MM,IOC,0,exec_ioc_touch
1767419100197,327511798,BUY,899545,11,0,MM,IOC,0,exec_ioc_touch
1767420000197,329070341,BUY,900345,11,0,MM,IOC,0,exec_ioc_touch
1767420900198,330675085,BUY,900868,11,0,MM,IOC,0,exec_ioc_touch
1767421800198,332286201,BUY,899872,11,0,MM,IOC,0,exec_ioc_touch
1767422700197,333880988,BUY,898861,11,0,MM,IOC,0,exec_ioc_touch
1767424500198,337034651,BUY,897690,11,0,MM,IOC,0,exec_ioc_touch
1767425400198,338596592,BUY,894061,11,0,MM,IOC,0,exec_ioc_touch
1767426300197,340239927,BUY,895540,11,0,MM,IOC,0,exec_ioc_touch
1767427200197,341884993,BUY,895597,11,0,MM,IOC,0,exec_ioc_touch
1767428100197,343524837,BUY,895186,11,0,MM,IOC,0,exec_ioc_touch
1767429000197,345169188,BUY,897288,11,0,MM,IOC,0,exec_ioc_touch
1767429900197,346793590,BUY,897876,11,0,MM,IOC,0,exec_ioc_touch
1767430800197,348415710,BUY,896626,11,0,MM,IOC,0,exec_ioc_touch
1767431700198,350006062,BUY,896794,11,0,MM,IOC,0,exec_ioc_touch
1767433500198,353232580,BUY,899277,11,0,MM,IOC,0,exec_ioc_touch
1767434400198,354852043,BUY,897884,11,0,MM,IOC,0,exec_ioc_touch
1767435300197,356483965,BUY,897258,11,0,MM,IOC,0,exec_ioc_touch
1767437100197,359770724,BUY,898132,11,0,MM,IOC,0,exec_ioc_touch
1767438000197,361394538,BUY,897463,11,0,MM,IOC,0,exec_ioc_touch
1767438900197,363008286,BUY,896874,11,0,MM,IOC,0,exec_ioc_touch
1767439800198,364621067,BUY,897112,11,0,MM,IOC,0,exec_ioc_touch
1767440700197,366241506,BUY,897620,11,0,MM,IOC,0,exec_ioc_touch
1767442500197,369425297,BUY,896698,11,0,MM,IOC,0,exec_ioc_touch
1767443400197,371011696,BUY,897890,11,0,MM,IOC,0,exec_ioc_touch
1767444300197,372610007,BUY,897942,11,0,MM,IOC,0,exec_ioc_touch
1767445200197,374192608,BUY,900360,11,0,MM,IOC,0,exec_ioc_touch
1767446100198,375766734,BUY,899261,11,0,MM,IOC,0,exec_ioc_touch
1767447000198,377350466,BUY,899751,11,0,MM,IOC,0,exec_ioc_touch
1767447900197,378940636,BUY,899566,11,0,MM,IOC,0,exec_ioc_touch
1767448800197,380465274,BUY,900057,11,0,MM,IOC,0,exec_ioc_touch
1767449700198,381953700,BUY,900452,11,0,MM,IOC,0,exec_ioc_touch
1767450600197,383417220,BUY,901848,11,0,MM,IOC,0,exec_ioc_touch
1767451500198,384884493,BUY,901544,11,0,MM,IOC,0,exec_ioc_touch
1767452400197,386399243,BUY,901291,11,0,MM,IOC,0,exec_ioc_touch
1767453300197,387924740,BUY,900071,11,0,MM,IOC,0,exec_ioc_touch
1767454200197,389451458,BUY,900675,11,0,MM,IOC,0,exec_ioc_touch
1767455100198,390967004,BUY,899979,11,0,MM,IOC,0,exec_ioc_touch
1767456000197,392468178,BUY,899737,11,0,MM,IOC,0,exec_ioc_touch
1767456900197,393982809,BUY,900170,11,0,MM,IOC,0,exec_ioc_touch
1767457800197,395500804,BUY,900593,11,0,MM,IOC,0,exec_ioc_touch
1767458700197,396964736,BUY,901208,11,0,MM,IOC,0,exec_ioc_touch
1767459600197,398432833,BUY,901047,11,0,MM,IOC,0,exec_ioc_touch
1767460500198,399932840,BUY,900658,11,0,MM,IOC,0,exec_ioc_touch
1767461400197,401421298,BUY,900647,11,0,MM,IOC,0,exec_ioc_touch
1767462300198,402904611,BUY,901125,11,0,MM,IOC,0,exec_ioc_touch
1767463200197,404408056,BUY,900962,11,0,MM,IOC,0,exec_ioc_touch
1767465000198,407402816,BUY,901755,11,0,MM,IOC,0,exec_ioc_touch
1767465900197,408888414,BUY,901452,11,0,MM,IOC,0,exec_ioc_touch
1767466800197,410370567,BUY,901425,11,0,MM,IOC,0,exec_ioc_touch
1767467700198,411891106,BUY,900714,11,0,MM,IOC,0,exec_ioc_touch
1767468600197,413398937,BUY,901534,11,0,MM,IOC,0,exec_ioc_touch
1767469500198,414857667,BUY,901305,11,0,MM,IOC,0,exec_ioc_touch
1767470400198,416314143,BUY,901245,11,0,MM,IOC,0,exec_ioc_touch
1767471300197,417797892,BUY,900739,11,0,MM,IOC,0,exec_ioc_touch
1767472200197,419297376,BUY,901250,11,0,MM,IOC,0,exec_ioc_touch
1767473100197,420806168,BUY,902713,11,0,MM,IOC,0,exec_ioc_touch
1767474000197,422225101,BUY,903670,11,0,MM,IOC,0,exec_ioc_touch
1767474900197,423647751,BUY,903733,11,0,MM,IOC,0,exec_ioc_touch
1767475800198,425076002,BUY,904750,11,0,MM,IOC,0,exec_ioc_touch
1767476700197,426597465,BUY,906093,11,0,MM,IOC,0,exec_ioc_touch
1767477600197,428157041,BUY,905689,11,0,MM,IOC,0,exec_ioc_touch
1767478500197,429716306,BUY,905259,11,0,MM,IOC,0,exec_ioc_touch
1767479400198,431207053,BUY,906247,11,0,MM,IOC,0,exec_ioc_touch
1767480300197,432738627,BUY,906169,11,0,MM,IOC,0,exec_ioc_touch
1767481200197,434274767,BUY,905909,11,0,MM,IOC,0,exec_ioc_touch
1767482100198,435823212,BUY,905452,11,0,MM,IOC,0,exec_ioc_touch
1767483000197,437340352,BUY,906401,11,0,MM,IOC,0,exec_ioc_touch
1767483900198,438818743,BUY,906579,11,0,MM,IOC,0,exec_ioc_touch
1767484800197,440332026,BUY,906405,11,0,MM,IOC,0,exec_ioc_touch
1767485700197,441856479,BUY,914001,11,0,MM,IOC,0,exec_ioc_touch
1767486600197,443398649,BUY,910975,11,0,MM,IOC,0,exec_ioc_touch
1767487500197,444901991,BUY,911588,11,0,MM,IOC,0,exec_ioc_touch
1767488400198,446460533,BUY,913343,11,0,MM,IOC,0,exec_ioc_touch
1767489300197,448026898,BUY,912924,11,0,MM,IOC,0,exec_ioc_touch
1767490200197,449550613,BUY,911291,11,0,MM,IOC,0,exec_ioc_touch
1767491100197,451031205,BUY,910950,11,0,MM,IOC,0,exec_ioc_touch
1767492000197,452567150,BUY,912294,11,0,MM,IOC,0,exec_ioc_touch
1767492900197,454134861,BUY,911269,11,0,MM,IOC,0,exec_ioc_touch
1767493800197,455700787,BUY,912121,11,0,MM,IOC,0,exec_ioc_touch
1767494700197,457255341,BUY,911680,11,0,MM,IOC,0,exec_ioc_touch
1767495600198,458806318,BUY,911332,11,0,MM,IOC,0,exec_ioc_touch
1767496500197,460377728,BUY,913343,11,0,MM,IOC,0,exec_ioc_touch
1767497400197,461948094,BUY,911622,11,0,MM,IOC,0,exec_ioc_touch
1767498300197,463528150,BUY,912450,11,0,MM,IOC,0,exec_ioc_touch
1767499200197,465100797,BUY,912272,11,0,MM,IOC,0,exec_ioc_touch
1767500100198,466669138,BUY,913131,11,0,MM,IOC,0,exec_ioc_touch
1767501000197,468202348,BUY,913712,11,0,MM,IOC,0,exec_ioc_touch
1767501900197,469728092,BUY,915035,11,0,MM,IOC,0,exec_ioc_touch
1767502800197,471278825,BUY,914013,11,0,MM,IOC,0,exec_ioc_touch
1767503700197,472829254,BUY,913883,11,0,MM,IOC,0,exec_ioc_touch
1767504600197,474388876,BUY,914568,11,0,MM,IOC,0,exec_ioc_touch
1767505500198,475953176,BUY,913924,11,0,MM,IOC,0,exec_ioc_touch
1767506400197,477504051,BUY,914819,11,0,MM,IOC,0,exec_ioc_touch
1767507300197,478994994,BUY,916676,11,0,MM,IOC,0,exec_ioc_touch
1767508200197,480537677,BUY,915417,11,0,MM,IOC,0,exec_ioc_touch
1767509100197,482092804,BUY,912935,11,0,MM,IOC,0,exec_ioc_touch
1767510000197,483611122,BUY,912395,11,0,MM,IOC,0,exec_ioc_touch
1767510900197,485157939,BUY,913274,11,0,MM,IOC,0,exec_ioc_touch
1767511800198,486681011,BUY,913111,11,0,MM,IOC,0,exec_ioc_touch
1767512700198,488192863,BUY,914903,11,0,MM,IOC,0,exec_ioc_touch
1767513600197,489707334,BUY,915240,11,0,MM,IOC,0,exec_ioc_touch
1767514500197,491215289,BUY,913125,11,0,MM,IOC,0,exec_ioc_touch
1767515400198,492691454,BUY,912297,11,0,MM,IOC,0,exec_ioc_touch
1767516300197,494201173,BUY,914000,11,0,MM,IOC,0,exec_ioc_touch
1767517200197,495754552,BUY,913680,11,0,MM,IOC,0,exec_ioc_touch
1767518100197,497267570,BUY,913376,11,0,MM,IOC,0,exec_ioc_touch
1767519000197,498808829,BUY,913162,11,0,MM,IOC,0,exec_ioc_touch
1767519900198,500351814,BUY,914340,11,0,MM,IOC,0,exec_ioc_touch
1767520800198,501899194,BUY,914595,11,0,MM,IOC,0,exec_ioc_touch
1767521700197,503431500,BUY,915402,11,0,MM,IOC,0,exec_ioc_touch
1767522600197,504960286,BUY,914834,11,0,MM,IOC,0,exec_ioc_touch
1767524400197,508020036,BUY,915953,12,0,MM,IOC,0,exec_ioc_touch
1767525300197,509557264,BUY,913545,12,0,MM,IOC,0,exec_ioc_touch
1767526200197,511067973,BUY,913768,12,0,MM,IOC,0,exec_ioc_touch
1767527100197,512582206,BUY,913728,12,0,MM,IOC,0,exec_ioc_touch
1767528000198,514086082,BUY,913040,11,0,MM,IOC,0,exec_ioc_touch
1767528900197,515558529,BUY,912537,11,0,MM,IOC,0,exec_ioc_touch
1767529800197,517041904,BUY,913331,11,0,MM,IOC,0,exec_ioc_touch
1767530700197,518503935,BUY,910961,11,0,MM,IOC,0,exec_ioc_touch
1767531600197,519979214,BUY,911429,11,0,MM,IOC,0,exec_ioc_touch
1767532500197,521451986,BUY,911877,11,0,MM,IOC,0,exec_ioc_touch
1767533400197,522942789,BUY,911912,11,0,MM,IOC,0,exec_ioc_touch
1767534300197,524477201,BUY,912208,11,0,MM,IOC,0,exec_ioc_touch
1767535200197,526025094,BUY,912632,11,0,MM,IOC,0,exec_ioc_touch
1767536100198,527561499,BUY,913889,11,0,MM,IOC,0,exec_ioc_touch
1767537000197,529119351,BUY,912298,11,0,MM,IOC,0,exec_ioc_touch
1767537900198,530662271,BUY,912068,11,0,MM,IOC,0,exec_ioc_touch
1767538800197,532226394,BUY,913383,11,0,MM,IOC,0,exec_ioc_touch
1767539700198,533749421,BUY,913086,11,0,MM,IOC,0,exec_ioc_touch
1767540600197,535281107,BUY,912414,11,0,MM,IOC,0,exec_ioc_touch
1767541500198,536804971,BUY,912108,11,0,MM,IOC,0,exec_ioc_touch
1767542400197,538362636,BUY,913272,11,0,MM,IOC,0,exec_ioc_touch
1767543300197,539930835,BUY,912788,11,0,MM,IOC,0,exec_ioc_touch
1767544200198,541468139,BUY,913380,11,0,MM,IOC,0,exec_ioc_touch
1767545100197,543020887,BUY,913009,11,0,MM,IOC,0,exec_ioc_touch
1767546000198,544557121,BUY,913173,11,0,MM,IOC,0,exec_ioc_touch
1767546900197,546115831,BUY,913427,11,0,MM,IOC,0,exec_ioc_touch
1767547800197,547642395,BUY,913636,11,0,MM,IOC,0,exec_ioc_touch
1767548700197,549157752,BUY,913851,11,0,MM,IOC,0,exec_ioc_touch
1767549600198,550667460,BUY,913368,11,0,MM,IOC,0,exec_ioc_touch
1767550500197,552194150,BUY,912426,11,0,MM,IOC,0,exec_ioc_touch
1767551400197,553736494,BUY,911756,11,0,MM,IOC,0,exec_ioc_touch
1767552300198,555277050,BUY,912310,11,0,MM,IOC,0,exec_ioc_touch
1767553200197,556818094,BUY,912066,11,0,MM,IOC,0,exec_ioc_touch
1767554100197,558316416,BUY,910051,11,0,MM,IOC,0,exec_ioc_touch
1767555000197,559840689,BUY,911215,11,0,MM,IOC,0,exec_ioc_touch
1767555900197,561346263,BUY,910617,11,0,MM,IOC,0,exec_ioc_touch
1767556800198,562839160,BUY,911363,11,0,MM,IOC,0,exec_ioc_touch
1767557700198,564337506,BUY,912565,11,0,MM,IOC,0,exec_ioc_touch
1767558600198,565833231,BUY,913321,11,0,MM,IOC,0,exec_ioc_touch
1767559500197,567339046,BUY,912856,11,0,MM,IOC,0,exec_ioc_touch
1767560400197,568844405,BUY,913133,11,0,MM,IOC,0,exec_ioc_touch
1767561300197,570341623,BUY,913447,11,0,MM,IOC,0,exec_ioc_touch
1767562200197,571848585,BUY,913033,11,0,MM,IOC,0,exec_ioc_touch
1767563100197,573347069,BUY,912120,11,0,MM,IOC,0,exec_ioc_touch
1767564000197,574844465,BUY,912775,11,0,MM,IOC,0,exec_ioc_touch
1767564900197,576359588,BUY,911814,11,0,MM,IOC,0,exec_ioc_touch
1767565800197,577845367,BUY,912764,11,0,MM,IOC,0,exec_ioc_touch
1767566700198,579303269,BUY,911909,11,0,MM,IOC,0,exec_ioc_touch
1767567600197,580776868,BUY,912086,11,0,MM,IOC,0,exec_ioc_touch
1767568500197,582274247,BUY,913383,11,0,MM,IOC,0,exec_ioc_touch
1767570300197,585307216,BUY,913204,12,0,MM,IOC,0,exec_ioc_touch
1767571200198,586808581,BUY,915313,12,0,MM,IOC,0,exec_ioc_touch
1767572100197,588364025,BUY,919003,12,7,MM,IOC,0,exec_ioc_touch
1767573000198,589942311,BUY,918486,12,0,MM,IOC,0,exec_ioc_touch
1767573900198,591512002,BUY,920414,12,0,MM,IOC,0,exec_ioc_touch
1767575700197,594426087,BUY,929512,12,0,MM,IOC,0,exec_ioc_touch
1767576600197,595941090,BUY,929783,12,0,MM,IOC,0,exec_ioc_touch
1767577500197,597470587,BUY,932090,12,0,MM,IOC,0,exec_ioc_touch
1767578400197,599033872,BUY,929642,12,0,MM,IOC,0,exec_ioc_touch
1767579300198,600583793,BUY,928709,12,0,MM,IOC,0,exec_ioc_touch
1767580200198,602123206,BUY,927457,12,0,MM,IOC,0,exec_ioc_touch
1767581100197,603706901,BUY,929204,12,0,MM,IOC,0,exec_ioc_touch
1767582000197,605290506,BUY,930388,12,0,MM,IOC,0,exec_ioc_touch
1767582900197,606856615,BUY,930189,12,0,MM,IOC,0,exec_ioc_touch
1767583800197,608439519,BUY,929972,12,0,MM,IOC,0,exec_ioc_touch
1767584700198,610026730,BUY,929361,12,0,MM,IOC,0,exec_ioc_touch
1767585600197,611607121,BUY,928800,12,0,MM,IOC,0,exec_ioc_touch
1767586500197,613172798,BUY,927748,12,0,MM,IOC,0,exec_ioc_touch
1767587400197,614685535,BUY,924774,12,0,MM,IOC,0,exec_ioc_touch
1767588300198,616206439,BUY,924186,12,0,MM,IOC,0,exec_ioc_touch
1767589200197,617717763,BUY,926077,12,0,MM,IOC,0,exec_ioc_touch
1767590100198,619269793,BUY,926506,12,0,MM,IOC,0,exec_ioc_touch
1767591000197,620823649,BUY,927169,12,0,MM,IOC,0,exec_ioc_touch
1767591900197,622381025,BUY,925667,12,0,MM,IOC,0,exec_ioc_touch
1767592800197,623864321,BUY,923711,12,0,MM,IOC,0,exec_ioc_touch
1767593700198,625331698,BUY,924384,12,0,MM,IOC,0,exec_ioc_touch
1767594600197,626740182,BUY,922770,12,0,MM,IOC,0,exec_ioc_touch
1767595500197,628249814,BUY,924239,12,0,MM,IOC,0,exec_ioc_touch
1767596400197,629794254,BUY,924911,12,0,MM,IOC,0,exec_ioc_touch
1767597300198,631276562,BUY,926188,11,0,MM,IOC,0,exec_ioc_touch
1767598200198,632766113,BUY,925641,11,0,MM,IOC,0,exec_ioc_touch
1767599100197,634264448,BUY,925411,11,0,MM,IOC,0,exec_ioc_touch
1767600000198,635751441,BUY,925216,11,0,MM,IOC,0,exec_ioc_touch
1767600900197,637231636,BUY,926470,11,0,MM,IOC,0,exec_ioc_touch
1767601800197,638713979,BUY,927058,11,0,MM,IOC,0,exec_ioc_touch
1767602700198,640189437,BUY,924805,11,0,MM,IOC,0,exec_ioc_touch
1767603600197,641684799,BUY,924749,11,0,MM,IOC,0,exec_ioc_touch
1767604500198,643181740,BUY,924379,11,0,MM,IOC,0,exec_ioc_touch
1767605400197,644685253,BUY,926366,11,0,MM,IOC,0,exec_ioc_touch
1767606300197,646202479,BUY,926526,11,0,MM,IOC,0,exec_ioc_touch
1767607200197,647699948,BUY,926901,11,0,MM,IOC,0,exec_ioc_touch
1767608100197,649162711,BUY,929154,11,0,MM,IOC,0,exec_ioc_touch
1767609000197,650621273,BUY,929034,11,0,MM,IOC,0,exec_ioc_touch
1767609900197,652122206,BUY,928538,11,0,MM,IOC,0,exec_ioc_touch
1767610800197,653578338,BUY,930874,11,0,MM,IOC,0,exec_ioc_touch
1767611700198,655158939,BUY,928984,11,0,MM,IOC,0,exec_ioc_touch
1767612600197,656709264,BUY,929745,11,0,MM,IOC,0,exec_ioc_touch
1767613500198,658287368,BUY,930112,11,0,MM,IOC,0,exec_ioc_touch
1767614400197,659768537,BUY,931342,11,0,MM,IOC,0,exec_ioc_touch
1767615300198,661265965,BUY,931537,11,0,MM,IOC,0,exec_ioc_touch
1767616200197,662793411,BUY,929240,11,0,MM,IOC,0,exec_ioc_touch
1767617100197,664315721,BUY,928094,11,0,MM,IOC,0,exec_ioc_touch
1767618000197,665840412,BUY,928756,11,0,MM,IOC,0,exec_ioc_touch
1767618900197,667376591,BUY,929320,11,0,MM,IOC,0,exec_ioc_touch
1767619800197,668880091,BUY,927882,11,0,MM,IOC,0,exec_ioc_touch
1767620700197,670338949,BUY,926030,11,0,MM,IOC,0,exec_ioc_touch
1767621600198,671845283,BUY,927402,11,0,MM,IOC,0,exec_ioc_touch
1767622500198,673389235,BUY,927424,11,0,MM,IOC,0,exec_ioc_touch
1767623400197,674943252,BUY,927712,11,0,MM,IOC,0,exec_ioc_touch
1767627000197,681077329,BUY,933862,12,0,MM,IOC,0,exec_ioc_touch
1767627900197,682621643,BUY,938553,12,0,MM,IOC,0,exec_ioc_touch
1767628800198,684153613,BUY,939529,12,0,MM,IOC,0,exec_ioc_touch
1767629700197,685678888,BUY,939267,12,0,MM,IOC,0,exec_ioc_touch
1767631500197,688839367,BUY,937257,12,0,MM,IOC,0,exec_ioc_touch
1767632400197,690381506,BUY,937057,12,0,MM,IOC,0,exec_ioc_touch
1767633300198,691944863,BUY,936836,12,0,MM,IOC,0,exec_ioc_touch
1767634200197,693480292,BUY,934456,12,0,MM,IOC,0,exec_ioc_touch
1767636900197,698085394,BUY,942209,12,0,MM,IOC,0,exec_ioc_touch
1767637800197,699640548,BUY,940340,12,0,MM,IOC,0,exec_ioc_touch
1767638700198,701177028,BUY,940088,12,0,MM,IOC,0,exec_ioc_touch
1767639600197,702717934,BUY,944547,12,0,MM,IOC,0,exec_ioc_touch
1767640500198,704290147,BUY,943285,12,0,MM,IOC,0,exec_ioc_touch
1767641400197,705848115,BUY,944186,12,0,MM,IOC,0,exec_ioc_touch
1767642300198,707390467,BUY,942625,12,0,MM,IOC,0,exec_ioc_touch
1767643200198,708959023,BUY,943016,12,0,MM,IOC,0,exec_ioc_touch
1767644100197,710493655,BUY,944170,12,0,MM,IOC,0,exec_ioc_touch
1767645900197,713587413,BUY,941799,12,0,MM,IOC,0,exec_ioc_touch
1767647700197,716636558,BUY,939861,12,0,MM,IOC,0,exec_ioc_touch
1767648600197,718142127,BUY,938422,12,0,MM,IOC,0,exec_ioc_touch
1767649500198,719702571,BUY,940817,12,0,MM,IOC,0,exec_ioc_touch
1767650400197,721283084,BUY,940932,12,0,MM,IOC,0,exec_ioc_touch
1767651300197,722847026,BUY,941816,12,0,MM,IOC,0,exec_ioc_touch
1767652200197,724374955,BUY,942492,12,0,MM,IOC,0,exec_ioc_touch
1767653100197,725894964,BUY,942749,12,0,MM,IOC,0,exec_ioc_touch
1767654000197,727456509,BUY,941773,12,0,MM,IOC,0,exec_ioc_touch
1767654900197,729020223,BUY,940428,12,0,MM,IOC,0,exec_ioc_touch
1767655800198,730583585,BUY,939970,12,0,MM,IOC,0,exec_ioc_touch
1767656700198,732123846,BUY,939165,12,0,MM,IOC,0,exec_ioc_touch
1767657600197,733655672,BUY,938629,12,0,MM,IOC,0,exec_ioc_touch
1767658500198,735132330,BUY,937302,12,0,MM,IOC,0,exec_ioc_touch
1767659400197,736622359,BUY,938023,12,0,MM,IOC,0,exec_ioc_touch
1767660300198,738046579,BUY,936436,12,0,MM,IOC,0,exec_ioc_touch
1767661200197,739596036,BUY,938075,12,0,MM,IOC,0,exec_ioc_touch
1767662100197,741173336,BUY,939140,12,0,MM,IOC,0,exec_ioc_touch
1767663000197,742731681,BUY,941121,12,0,MM,IOC,0,exec_ioc_touch
1767663900197,744307290,BUY,938405,12,0,MM,IOC,0,exec_ioc_touch
1767664800197,745880968,BUY,937739,12,0,MM,IOC,0,exec_ioc_touch
1767665700197,747456241,BUY,937500,12,0,MM,IOC,0,exec_ioc_touch
1767666600197,749030695,BUY,936963,12,0,MM,IOC,0,exec_ioc_touch
1767667500197,750521117,BUY,936245,12,0,MM,IOC,0,exec_ioc_touch
1767668400197,752017625,BUY,936206,12,0,MM,IOC,0,exec_ioc_touch
1767669300198,753495993,BUY,937566,12,0,MM,IOC,0,exec_ioc_touch
1767670200197,754870399,BUY,937901,12,0,MM,IOC,0,exec_ioc_touch
1767671100198,756187197,BUY,937650,12,0,MM,IOC,0,exec_ioc_touch
1767672000197,757470296,BUY,937626,12,0,MM,IOC,0,exec_ioc_touch
1767673800197,760056012,BUY,938687,12,0,MM,IOC,0,exec_ioc_touch
1767674700197,761319461,BUY,938255,12,0,MM,IOC,0,exec_ioc_touch
1767675600197,762592385,BUY,938064,12,0,MM,IOC,0,exec_ioc_touch
1767676500197,763861006,BUY,937411,12,0,MM,IOC,0,exec_ioc_touch
1767677400197,765123064,BUY,936981,12,0,MM,IOC,0,exec_ioc_touch
1767678300197,766412747,BUY,936140,12,0,MM,IOC,0,exec_ioc_touch
1767679200197,767675308,BUY,936000,12,0,MM,IOC,0,exec_ioc_touch
1767680100197,768948964,BUY,937535,12,0,MM,IOC,0,exec_ioc_touch
1767681000197,770243211,BUY,937580,12,0,MM,IOC,0,exec_ioc_touch
1767681900197,771538418,BUY,939151,12,0,MM,IOC,0,exec_ioc_touch
1767682800197,772813121,BUY,937750,12,0,MM,IOC,0,exec_ioc_touch
1767683700197,774065838,BUY,935544,12,0,MM,IOC,0,exec_ioc_touch
1767684600197,775285467,BUY,933960,12,0,MM,IOC,0,exec_ioc_touch
1767685500197,776502658,BUY,932784,12,0,MM,IOC,0,exec_ioc_touch
1767686400197,777743733,BUY,932521,12,0,MM,IOC,0,exec_ioc_touch
1767687300198,779032699,BUY,933813,12,0,MM,IOC,0,exec_ioc_touch
1767688200197,780300086,BUY,933261,12,0,MM,IOC,0,exec_ioc_touch
1767689100198,781534120,BUY,932484,12,0,MM,IOC,0,exec_ioc_touch
1767690000198,782769557,BUY,932338,12,0,MM,IOC,0,exec_ioc_touch
1767690900197,784039673,BUY,933628,12,0,MM,IOC,0,exec_ioc_touch
1767691800197,785316328,BUY,934734,12,9,MM,IOC,0,exec_ioc_touch
1767692700198,786591869,BUY,934562,12,0,MM,IOC,0,exec_ioc_touch
1767693600197,787860592,BUY,934617,12,0,MM,IOC,0,exec_ioc_touch
1767694500198,789141760,BUY,935821,12,0,MM,IOC,0,exec_ioc_touch
1767695400197,790435662,BUY,935939,12,0,MM,IOC,0,exec_ioc_touch
1767696300197,791691466,BUY,935898,12,0,MM,IOC,0,exec_ioc_touch
1767697200198,792965372,BUY,935832,12,0,MM,IOC,0,exec_ioc_touch
1767698100197,794219616,BUY,937791,12,0,MM,IOC,0,exec_ioc_touch
1767699000198,795464064,BUY,938357,12,0,MM,IOC,0,exec_ioc_touch
1767699900198,796715683,BUY,938007,12,0,MM,IOC,0,exec_ioc_touch
1767700800197,797947409,BUY,938435,12,0,MM,IOC,0,exec_ioc_touch
1767701700197,799183595,BUY,938993,12,0,MM,IOC,0,exec_ioc_touch
1767702600197,800425919,BUY,938693,12,0,MM,IOC,0,exec_ioc_touch
1767703500198,801687249,BUY,938360,12,0,MM,IOC,0,exec_ioc_touch
1767704400197,802925725,BUY,938717,12,0,MM,IOC,0,exec_ioc_touch
1767705300197,804194199,BUY,938251,12,0,MM,IOC,0,exec_ioc_touch
1767706200197,805450611,BUY,937320,12,0,MM,IOC,0,exec_ioc_touch
1767707100197,806720545,BUY,936996,12,0,MM,IOC,0,exec_ioc_touch
1767708000197,808001870,BUY,937236,12,0,MM,IOC,0,exec_ioc_touch
1767708900197,809286993,BUY,941089,12,12,MM,GTC,0,exec_passive
1767709800197,810565780,BUY,943396,12,12,MM,GTC,0,exec_passive
1767711600197,813130546,BUY,938421,12,0,MM,IOC,0,exec_ioc_touch
1767712500197,814517845,BUY,937600,12,0,MM,IOC,0,exec_ioc_touch
1767715200197,819439063,BUY,936409,12,0,MM,IOC,0,exec_ioc_touch
1767716100197,821101644,BUY,934800,12,0,MM,IOC,0,exec_ioc_touch
1767717000198,822697084,BUY,928461,12,0,MM,IOC,0,exec_ioc_touch
1767718800197,825911876,BUY,926865,12,0,MM,IOC,0,exec_ioc_touch
1767719700198,827566005,BUY,926231,12,0,MM,IOC,0,exec_ioc_touch
1767720600198,829219929,BUY,925107,12,0,MM,IOC,0,exec_ioc_touch
1767722400197,832454335,BUY,915893,12,0,MM,IOC,0,exec_ioc_touch
1767723300198,834045850,BUY,918351,12,0,MM,IOC,0,exec_ioc_touch
1767724200198,835575055,BUY,920136,12,0,MM,IOC,0,exec_ioc_touch
1767725100197,837137107,BUY,919501,12,0,MM,IOC,0,exec_ioc_touch
1767726000197,838688752,BUY,920472,12,0,MM,IOC,0,exec_ioc_touch
1767726900198,840253610,BUY,922214,12,0,MM,IOC,0,exec_ioc_touch
1767727800197,841803883,BUY,922573,12,0,MM,IOC,0,exec_ioc_touch
1767728700197,843402231,BUY,921262,12,0,MM,IOC,0,exec_ioc_touch
1767729600198,845005694,BUY,921121,12,0,MM,IOC,0,exec_ioc_touch
1767730500198,846551603,BUY,924328,12,0,MM,IOC,0,exec_ioc_touch
1767731400197,848034512,BUY,925080,12,0,MM,IOC,0,exec_ioc_touch
1767732300197,849543849,BUY,926391,12,0,MM,IOC,0,exec_ioc_touch
1767735900197,855883435,BUY,936278,13,0,MM,IOC,0,exec_ioc_touch
1767736800197,857484169,BUY,932590,13,0,MM,IOC,0,exec_ioc_touch
1767737700197,859082224,BUY,931087,13,0,MM,IOC,0,exec_ioc_touch
1767738600197,860678720,BUY,931783,13,0,MM,IOC,0,exec_ioc_touch
1767739500197,862289439,BUY,930491,13,0,MM,IOC,0,exec_ioc_touch
1767740400197,863881781,BUY,933631,13,0,MM,IOC,0,exec_ioc_touch
1767741300197,865413266,BUY,934891,13,0,MM,IOC,0,exec_ioc_touch
1767742200197,866982296,BUY,935344,12,0,MM,IOC,0,exec_ioc_touch
1767743100197,868578940,BUY,935528,12,0,MM,IOC,0,exec_ioc_touch
1767744000197,870110414,BUY,937569,12,0,MM,IOC,0,exec_ioc_touch
1767744900198,871752427,BUY,935717,12,0,MM,IOC,0,exec_ioc_touch
1767745800198,873376908,BUY,933550,12,0,MM,IOC,0,exec_ioc_touch
1767746700198,874987672,BUY,931910,12,0,MM,IOC,0,exec_ioc_touch
1767747600197,876545585,BUY,927019,12,0,MM,IOC,0,exec_ioc_touch
1767748500197,878176452,BUY,927999,12,0,MM,IOC,0,exec_ioc_touch
1767749400197,879767053,BUY,925446,12,0,MM,IOC,0,exec_ioc_touch
1767750300198,881425185,BUY,924344,12,0,MM,IOC,0,exec_ioc_touch
1767751200198,883069779,BUY,924405,12,0,MM,IOC,0,exec_ioc_touch
1767752100197,884713600,BUY,926624,12,0,MM,IOC,0,exec_ioc_touch
1767753000197,886365492,BUY,926819,12,0,MM,IOC,0,exec_ioc_touch
1767753900197,888001551,BUY,929210,12,0,MM,IOC,0,exec_ioc_touch
1767754800197,889567085,BUY,929573,12,0,MM,IOC,0,exec_ioc_touch
1767755700198,891139677,BUY,929653,12,0,MM,IOC,0,exec_ioc_touch
1767756600198,892722185,BUY,930095,12,0,MM,IOC,0,exec_ioc_touch
1767757500197,894368700,BUY,928622,12,0,MM,IOC,0,exec_ioc_touch
1767758400197,895996189,BUY,928158,12,12,MM,GTC,0,exec_passive
1767759300197,897640594,BUY,927970,13,0,MM,IOC,0,exec_ioc_touch
1767760200198,899274370,BUY,927709,13,0,MM,IOC,0,exec_ioc_touch
1767761100197,900919553,BUY,927644,13,0,MM,IOC,0,exec_ioc_touch
1767762000197,902562383,BUY,926681,13,0,MM,IOC,0,exec_ioc_touch
1767762900198,904184989,BUY,927407,13,13,MM,GTC,0,exec_passive
1767763800197,905810904,BUY,927310,13,10,MM,IOC,0,exec_ioc_touch
1767764700198,907431551,BUY,927536,13,0,MM,IOC,0,exec_ioc_touch
1767765600198,909013986,BUY,925387,13,0,MM,IOC,0,exec_ioc_touch
1767766500197,910592502,BUY,926780,13,0,MM,IOC,0,exec_ioc_touch
1767767400197,912186260,BUY,928297,13,0,MM,IOC,0,exec_ioc_touch
1767768300198,913809391,BUY,926761,13,0,MM,IOC,0,exec_ioc_touch
1767769200197,915419883,BUY,926167,13,0,MM,IOC,0,exec_ioc_touch
1767770100197,917057056,BUY,927640,13,0,MM,IOC,0,exec_ioc_touch
1767771000197,918649326,BUY,928140,13,13,MM,GTC,0,exec_passive
1767771900197,920281328,BUY,928311,13,0,MM,IOC,0,exec_ioc_touch
1767772800197,921929042,BUY,928850,13,0,MM,IOC,0,exec_ioc_touch
1767773700197,923561144,BUY,929335,13,0,MM,IOC,0,exec_ioc_touch
1767774600197,925194159,BUY,928675,13,0,MM,IOC,0,exec_ioc_touch
1767775500197,926844480,BUY,927686,13,13,MM,GTC,0,exec_passive
1767776400197,928480856,BUY,927177,13,0,MM,IOC,0,exec_ioc_touch
1767777300197,930069776,BUY,922740,13,0,MM,IOC,0,exec_ioc_touch
1767778200198,931601079,BUY,919573,13,0,MM,IOC,0,exec_ioc_touch
1767779100198,933089716,BUY,917394,13,0,MM,IOC,0,exec_ioc_touch
1767780000197,934693828,BUY,917064,13,13,MM,GTC,0,exec_passive
1767780900197,936323584,BUY,918358,13,0,MM,IOC,0,exec_ioc_touch
1767781800197,937963958,BUY,917881,13,0,MM,IOC,0,exec_ioc_touch
1767782700197,939567522,BUY,918745,13,0,MM,IOC,0,exec_ioc_touch
1767783600197,941192711,BUY,919620,13,0,MM,IOC,0,exec_ioc_touch
1767784500198,942774306,BUY,921155,13,13,MM,GTC,0,exec_passive
1767785400198,944341461,BUY,921701,14,0,MM,IOC,0,exec_ioc_touch
1767786300197,945907085,BUY,921994,14,0,MM,IOC,0,exec_ioc_touch
1767788100197,949089007,BUY,920486,14,0,MM,IOC,0,exec_ioc_touch
1767789000197,950662439,BUY,920599,14,0,MM,IOC,0,exec_ioc_touch
1767789900197,952250190,BUY,920123,14,0,MM,IOC,0,exec_ioc_touch
1767790800198,953874313,BUY,919965,14,0,MM,IOC,0,exec_ioc_touch
1767791700197,955513891,BUY,918898,14,14,MM,GTC,0,exec_passive
1767792600197,957129007,BUY,922246,14,0,MM,IOC,0,exec_ioc_touch
1767793500197,958774948,BUY,921522,14,0,MM,IOC,0,exec_ioc_touch
1767794400197,960423045,BUY,920432,14,0,MM,IOC,0,exec_ioc_touch
1767795300198,962040622,BUY,916954,14,14,MM,GTC,0,exec_passive
1767796200197,963604779,BUY,915513,14,0,MM,IOC,0,exec_ioc_touch
1767797100197,965249574,BUY,918409,14,0,MM,IOC,0,exec_ioc_touch
1767798000197,966888556,BUY,919733,14,0,MM,IOC,0,exec_ioc_touch
1767798900197,968544891,BUY,916644,14,0,MM,IOC,0,exec_ioc_touch
1767799800197,970200630,BUY,912765,14,14,MM,GTC,0,exec_passive
1767800700197,971860707,BUY,913688,15,0,MM,IOC,0,exec_ioc_touch
1767801600197,973508846,BUY,913445,15,0,MM,IOC,0,exec_ioc_touch
1767802500197,975162343,BUY,915999,15,15,MM,GTC,0,exec_passive
1767803400197,976800208,BUY,915950,15,0,MM,IOC,0,exec_ioc_touch
1767804300197,978441572,BUY,914626,15,0,MM,IOC,0,exec_ioc_touch
1767805200197,980085672,BUY,912600,15,0,MM,IOC,0,exec_ioc_touch
1767807000197,983344526,BUY,916031,16,0,MM,IOC,0,exec_ioc_touch
1767807900197,984959129,BUY,916000,16,0,MM,IOC,0,exec_ioc_touch
1767808800197,986605733,BUY,912501,16,0,MM,IOC,0,exec_ioc_touch
1767809700197,988249452,BUY,912621,16,0,MM,IOC,0,exec_ioc_touch
1767810600198,989875685,BUY,912810,16,0,MM,IOC,0,exec_ioc_touch
1767811500197,991520269,BUY,911510,16,16,MM,GTC,0,exec_passive
1767812400197,993095131,BUY,909022,16,0,MM,IOC,0,exec_ioc_touch
1767813300197,994716056,BUY,907873,16,0,MM,IOC,0,exec_ioc_touch
1767814200197,996321552,BUY,909068,16,0,MM,IOC,0,exec_ioc_touch
1767815100198,997947180,BUY,910979,16,16,MM,GTC,0,exec_passive
1767816000197,999545151,BUY,911867,17,17,MM,GTC,0,exec_passive
1767816900197,1001170605,BUY,910000,18,18,MM,GTC,0,exec_passive
1767817800197,1002800415,BUY,909077,19,0,MM,IOC,0,exec_ioc_touch
1767818700197,1004441276,BUY,910346,19,0,MM,IOC,0,exec_ioc_touch
1767820500198,1007708968,BUY,911816,21,21,MM,GTC,0,exec_passive
1767821400198,1009318493,BUY,911890,23,0,MM,IOC,0,exec_ioc_touch
1767822300198,1010942150,BUY,911191,23,23,MM,GTC,0,exec_passive
1767824100198,1014243074,BUY,909857,25,0,MM,IOC,0,exec_ioc_touch
1767825000197,1015878460,BUY,910761,25,25,MM,GTC,0,exec_passive
1767825900198,1017503294,BUY,910605,25,0,MM,IOC,0,exec_ioc_touch
1767826800198,1019129998,BUY,911799,25,0,MM,IOC,0,exec_forced_ioc
1767827700197,1020769699,BUY,912410,25,0,MM,IOC,0,exec_forced_ioc
1767828600198,1022395480,BUY,913186,25,0,MM,IOC,0,exec_forced_ioc
1767829500197,1024042497,BUY,912251,25,0,MM,IOC,0,exec_forced_ioc
